id,document_id,document_slug,source_url,local_path,storage_path,kind,mime_type,downloaded,sha256,byte_size,width,height
b1fb3fb9-037d-54c8-8f3a-e5a06208f9e5,aba80607-e798-5387-bc7d-fa61e41b7fc6,psychotropic-properties-of-the-harmala-alkaloids,latin-american-psychedelic-research/assets/claudio-naranjo.jpg,images/psychotropic-properties-of-the-harmala-alkaloids/01-claudio-naranjo.jpg,documents/aba80607-e798-5387-bc7d-fa61e41b7fc6/images/psychotropic-properties-of-the-harmala-alkaloids/01-claudio-naranjo.jpg,cover_image,image/jpeg,True,9d0fb261d7ab978f702098cd772694bad34b142941cbe9fc5361562c887aaefb,91460,393,601
fe5e1c2a-7610-5c96-b936-45b05a86e1fc,aba80607-e798-5387-bc7d-fa61e41b7fc6,psychotropic-properties-of-the-harmala-alkaloids,latin-american-psychedelic-research/assets/naranjo-1967-harmala-alkaloids.pdf,pdfs/psychotropic-properties-of-the-harmala-alkaloids/naranjo-1967-harmala-alkaloids.pdf,documents/aba80607-e798-5387-bc7d-fa61e41b7fc6/pdfs/psychotropic-properties-of-the-harmala-alkaloids/naranjo-1967-harmala-alkaloids.pdf,source_pdf,application/pdf,True,7faa17112ebc3a3d6ad94408d564e05235eeee07312cbab46e1a4e5c4f911dd3,235464,,
3185a2f2-db85-5306-9951-e1e43bba7e7f,0d0ecc94-e4d5-5baf-b174-67112069445c,el-contexto-cultural-de-un-alucinogeno-aborigen-banisteriopsis-caapi,latin-american-psychedelic-research/assets/reichel-dolmatoff-1969-caapi-cover.jpg,images/el-contexto-cultural-de-un-alucinogeno-aborigen-banisteriopsis-caapi/01-reichel-dolmatoff-1969-caapi-cover.jpg,documents/0d0ecc94-e4d5-5baf-b174-67112069445c/images/el-contexto-cultural-de-un-alucinogeno-aborigen-banisteriopsis-caapi/01-reichel-dolmatoff-1969-caapi-cover.jpg,cover_image,image/jpeg,True,1e75e8e674cbb679cb1fb8c117f7fafdd56ce479053d00ccc23de7192302d88b,592788,1277,1810
f409a814-10b4-5f32-861f-a1578fd1564c,0d0ecc94-e4d5-5baf-b174-67112069445c,el-contexto-cultural-de-un-alucinogeno-aborigen-banisteriopsis-caapi,latin-american-psychedelic-research/assets/reichel-dolmatoff-1969-caapi.pdf,pdfs/el-contexto-cultural-de-un-alucinogeno-aborigen-banisteriopsis-caapi/reichel-dolmatoff-1969-caapi.pdf,documents/0d0ecc94-e4d5-5baf-b174-67112069445c/pdfs/el-contexto-cultural-de-un-alucinogeno-aborigen-banisteriopsis-caapi/reichel-dolmatoff-1969-caapi.pdf,source_pdf,application/pdf,True,435fb153c1506a87e28d3306fe9256cecb2b78f00ffff21ce552e6307140200f,3699689,,
a3dee836-42d1-5897-9957-068a28d4627a,089978db-d526-5bc1-8382-6e9fe7102f49,virola-theiodora-como-alucinogena-e-toxica,latin-american-psychedelic-research/assets/maia-rodrigues-1974-virola-theiodora-cover.jpg,images/virola-theiodora-como-alucinogena-e-toxica/01-maia-rodrigues-1974-virola-theiodora-cover.jpg,documents/089978db-d526-5bc1-8382-6e9fe7102f49/images/virola-theiodora-como-alucinogena-e-toxica/01-maia-rodrigues-1974-virola-theiodora-cover.jpg,cover_image,image/jpeg,True,6dcb091e02ec902856a5d3319595a8977260129bf6a04cfcb90a016e86f975c9,275561,1327,1876
22af5f78-6c7a-50c3-95b4-15eb8a5e6442,089978db-d526-5bc1-8382-6e9fe7102f49,virola-theiodora-como-alucinogena-e-toxica,latin-american-psychedelic-research/assets/maia-rodrigues-1974-virola-theiodora.pdf,pdfs/virola-theiodora-como-alucinogena-e-toxica/maia-rodrigues-1974-virola-theiodora.pdf,documents/089978db-d526-5bc1-8382-6e9fe7102f49/pdfs/virola-theiodora-como-alucinogena-e-toxica/maia-rodrigues-1974-virola-theiodora.pdf,source_pdf,application/pdf,True,979f7c96c0a4be78c1ab1308c1c3e8fdda3e1cb3daa2bc9d1c9f2a9c52423e50,527840,,
2c3a68ba-a0b1-51d0-bcb8-e72ef2140756,6c385f7f-a8d5-5b66-bdff-8bef2e4bd92e,eighth-colloquy-bangue,latin-american-psychedelic-research/assets/garcia-da-orta-colloquies-cover.jpg,images/eighth-colloquy-bangue/01-garcia-da-orta-colloquies-cover.jpg,documents/6c385f7f-a8d5-5b66-bdff-8bef2e4bd92e/images/eighth-colloquy-bangue/01-garcia-da-orta-colloquies-cover.jpg,cover_image,image/jpeg,True,e16cb556f8d89e48d45441cf2f6c3b224b3719705ae7dc05b1def421bf6fbc7a,9751,180,244
631cee1c-f8f0-55f3-99b0-1fa65f8d6a0c,dc72c41b-e1e8-5f31-99cb-9dc1e3986d67,the-narcotic-pepper-the-chemistry-and-pharmacology-of-piper-methysticum-and-related-species,latin-american-psychedelic-research/assets/shulgin-1973-narcotic-pepper-cover.jpg,images/the-narcotic-pepper-the-chemistry-and-pharmacology-of-piper-methysticum-and-related-species/01-shulgin-1973-narcotic-pepper-cover.jpg,documents/dc72c41b-e1e8-5f31-99cb-9dc1e3986d67/images/the-narcotic-pepper-the-chemistry-and-pharmacology-of-piper-methysticum-and-related-species/01-shulgin-1973-narcotic-pepper-cover.jpg,cover_image,image/jpeg,True,696fee71003ebe4facf4a0cd109e433431144dca1d1ed3de9c420bc55ff3c082,362276,1360,1760
0a4bf1e2-b356-5b47-bcee-6027fcff57bd,dc72c41b-e1e8-5f31-99cb-9dc1e3986d67,the-narcotic-pepper-the-chemistry-and-pharmacology-of-piper-methysticum-and-related-species,latin-american-psychedelic-research/assets/shulgin-1973-narcotic-pepper.pdf,pdfs/the-narcotic-pepper-the-chemistry-and-pharmacology-of-piper-methysticum-and-related-species/shulgin-1973-narcotic-pepper.pdf,documents/dc72c41b-e1e8-5f31-99cb-9dc1e3986d67/pdfs/the-narcotic-pepper-the-chemistry-and-pharmacology-of-piper-methysticum-and-related-species/shulgin-1973-narcotic-pepper.pdf,source_pdf,application/pdf,True,b1f0edc2d4e12d286594cb4de666bfcb5b60e421392e3365f996a4b525915c33,324798,,
