id,document_id,document_slug,source_url,local_path,storage_path,kind,mime_type,downloaded,sha256,byte_size,width,height
0780002d-7554-5671-8287-514ba7dc5fd9,6357f4ca-62ad-5cfc-a4de-eb66b357ea01,1955-experimental-compound-mer-17-frenquel-and-lsd-25,https://images.squarespace-cdn.com/content/v1/65f0d4128c515052cbadce92/2b785b88-f8fc-48b2-bdcd-d64904b3c24c/ronnie01.jpg,images/1955-experimental-compound-mer-17-frenquel-and-lsd-25/01-ronnie01.jpg,documents/6357f4ca-62ad-5cfc-a4de-eb66b357ea01/images/1955-experimental-compound-mer-17-frenquel-and-lsd-25/01-ronnie01.jpg,cover_image,image/jpeg,True,d9925c093df669a5e80450e4bcff3516c23c2ad42550cc3883ce49eae29900a3,168006,1998,1466
39939253-1401-56de-a4a4-47597ff917ef,6357f4ca-62ad-5cfc-a4de-eb66b357ea01,1955-experimental-compound-mer-17-frenquel-and-lsd-25,https://images.squarespace-cdn.com/content/v1/65f0d4128c515052cbadce92/3802c230-c57b-43c0-ae95-a032a397cf58/new+blocking+agent.jpg,images/1955-experimental-compound-mer-17-frenquel-and-lsd-25/02-new-blocking-agent.jpg,documents/6357f4ca-62ad-5cfc-a4de-eb66b357ea01/images/1955-experimental-compound-mer-17-frenquel-and-lsd-25/02-new-blocking-agent.jpg,supplementary_file,image/jpeg,True,a1388c9b7aa47716f83126cdac586923bfe3da8f2d7ff3c73b41aec9fd87ac6a,92784,1962,1016
c7c08646-f83e-5bd2-90d5-d0053af5a448,6357f4ca-62ad-5cfc-a4de-eb66b357ea01,1955-experimental-compound-mer-17-frenquel-and-lsd-25,https://images.squarespace-cdn.com/content/v1/65f0d4128c515052cbadce92/953c9695-164f-40b9-9ddc-a737b015237f/ronnie2.jpg,images/1955-experimental-compound-mer-17-frenquel-and-lsd-25/03-ronnie2.jpg,documents/6357f4ca-62ad-5cfc-a4de-eb66b357ea01/images/1955-experimental-compound-mer-17-frenquel-and-lsd-25/03-ronnie2.jpg,supplementary_file,image/jpeg,True,120488f7f60d9cab9b5304d7d80c793c7e734ae2dfb290548c4fb9dc3c6ec704,204232,1988,1398
5adbd653-236b-5533-bbc1-bc4712f16737,6357f4ca-62ad-5cfc-a4de-eb66b357ea01,1955-experimental-compound-mer-17-frenquel-and-lsd-25,https://images.squarespace-cdn.com/content/v1/65f0d4128c515052cbadce92/c4588f86-3cc2-4928-a4f2-04d96816337f/ronnie1.jpg,images/1955-experimental-compound-mer-17-frenquel-and-lsd-25/04-ronnie1.jpg,documents/6357f4ca-62ad-5cfc-a4de-eb66b357ea01/images/1955-experimental-compound-mer-17-frenquel-and-lsd-25/04-ronnie1.jpg,supplementary_file,image/jpeg,True,1167f26ae4591e36ce4b761f9208896bc05fc3174ad5db72e3e87a0bd8cde124,164517,1990,1258
f5e1e074-13a9-57fe-a0d5-e46ded1a6756,6357f4ca-62ad-5cfc-a4de-eb66b357ea01,1955-experimental-compound-mer-17-frenquel-and-lsd-25,https://images.squarespace-cdn.com/content/v1/65f0d4128c515052cbadce92/dabb0ac6-2e4f-4093-a1a6-ff9c27a20e97/fabing1.jpg,images/1955-experimental-compound-mer-17-frenquel-and-lsd-25/05-fabing1.jpg,documents/6357f4ca-62ad-5cfc-a4de-eb66b357ea01/images/1955-experimental-compound-mer-17-frenquel-and-lsd-25/05-fabing1.jpg,supplementary_file,image/jpeg,True,9058f4c7d6638ec6c8002657577d9cfc5b0b6283b8d1e741dfc17ae7805a9842,136869,1998,1228
a2ce4d20-74bf-5899-853c-1ac8d4029983,1d705cf3-dbb4-5692-a87f-af62cb2dee06,1965-allen-ginsberg-talks-to-joe-k-adams-about-his-first-lsd-trip,https://images.squarespace-cdn.com/content/v1/65f0d4128c515052cbadce92/1765502340896-572CDRB1WYGC4CWZZ73J/Redwood+Lodge+Joe+ADams.jpeg,images/1965-allen-ginsberg-talks-to-joe-k-adams-about-his-first-lsd-trip/01-Redwood-Lodge-Joe-ADams.jpeg,documents/1d705cf3-dbb4-5692-a87f-af62cb2dee06/images/1965-allen-ginsberg-talks-to-joe-k-adams-about-his-first-lsd-trip/01-Redwood-Lodge-Joe-ADams.jpeg,cover_image,image/jpeg,True,04a541348bb315ee4155c2990a3d628521a31e70ad9e17f746c210884a7d6f23,239439,1100,710
7e0ba2ba-73ec-5847-b9fb-6af2551e1b1a,cd7298eb-bfb7-5421-ae16-f27d2ee07fc7,mead-lsd-memo,https://images.squarespace-cdn.com/content/v1/65f0d4128c515052cbadce92/1765325902557-K3U8TGTZEUZ1TRT7USKW/mead+lsd+memo.jpg,images/mead-lsd-memo/01-mead-lsd-memo.jpg,documents/cd7298eb-bfb7-5421-ae16-f27d2ee07fc7/images/mead-lsd-memo/01-mead-lsd-memo.jpg,cover_image,image/jpeg,True,5c7d94016022b8ae01a6dba169a0eb593c23003083f7ffbab52de0076c935895,289003,1912,1072
f648fdce-d7bc-5335-9866-5f04f1c8b178,cd7298eb-bfb7-5421-ae16-f27d2ee07fc7,mead-lsd-memo,https://images.squarespace-cdn.com/content/v1/65f0d4128c515052cbadce92/82845b8f-67da-4691-b5ea-c0355de7a017/mead+image+3.jpg,images/mead-lsd-memo/02-mead-image-3.jpg,documents/cd7298eb-bfb7-5421-ae16-f27d2ee07fc7/images/mead-lsd-memo/02-mead-image-3.jpg,supplementary_file,image/jpeg,True,3f12ad5c638280b890dfb8447116982a042a2074c86683cda411b2f33dc223e8,562493,1540,1594
c5620eab-28f4-5c00-b1f6-165c78f9b6d8,cd7298eb-bfb7-5421-ae16-f27d2ee07fc7,mead-lsd-memo,https://images.squarespace-cdn.com/content/v1/65f0d4128c515052cbadce92/bc482e22-bf5c-49f3-95be-9ce04d60a06f/mead+image+1+.jpg,images/mead-lsd-memo/03-mead-image-1-.jpg,documents/cd7298eb-bfb7-5421-ae16-f27d2ee07fc7/images/mead-lsd-memo/03-mead-image-1-.jpg,supplementary_file,image/jpeg,True,ec7f5a7a26de4ea56020ec0e5bf92a21156c59357618c01b3493aba5609ecf8e,739173,1674,2008
0decbfea-a36f-5746-a217-7a542894b82f,cd7298eb-bfb7-5421-ae16-f27d2ee07fc7,mead-lsd-memo,https://images.squarespace-cdn.com/content/v1/65f0d4128c515052cbadce92/e90a41ec-8c83-44fe-aece-7ac80b3f0006/mead+image+2.jpg,images/mead-lsd-memo/04-mead-image-2.jpg,documents/cd7298eb-bfb7-5421-ae16-f27d2ee07fc7/images/mead-lsd-memo/04-mead-image-2.jpg,supplementary_file,image/jpeg,True,59f329b1779fb6111f9ae226558737aa5132001d974a6a3ae20ea46466485675,571167,1470,1680
53a98a0d-6d55-545a-9ed4-e49f11a46f20,cd7298eb-bfb7-5421-ae16-f27d2ee07fc7,mead-lsd-memo,https://images.squarespace-cdn.com/content/v1/65f0d4128c515052cbadce92/fbae75b1-321b-49b5-b84d-bb4797c03450/mead+image+4.jpg,images/mead-lsd-memo/05-mead-image-4.jpg,documents/cd7298eb-bfb7-5421-ae16-f27d2ee07fc7/images/mead-lsd-memo/05-mead-image-4.jpg,supplementary_file,image/jpeg,True,33ec32a966a8c5ce8ad56d3c501fa038bd92bd9222f4fe518160edd9f6c19144,323591,1466,1086
379abd9c-6c5b-5f09-9ae4-b722f2ddadce,12f1e602-bc11-5861-9424-61766b55fc2d,veigl-ayahuasca-jyhs5-m8ty7,https://images.squarespace-cdn.com/content/v1/65f0d4128c515052cbadce92/61715ad9-332b-4554-b636-3fcc304c710e/image+18-19+hasheesh+eater.jpg,images/veigl-ayahuasca-jyhs5-m8ty7/01-image-18-19-hasheesh-eater.jpg,documents/12f1e602-bc11-5861-9424-61766b55fc2d/images/veigl-ayahuasca-jyhs5-m8ty7/01-image-18-19-hasheesh-eater.jpg,cover_image,image/jpeg,True,2b4055332f509aa289e98535e1cda8cd74a30aacd92d091df6de528f4359a3a6,349987,1552,1266
a990d288-605b-5c69-aba9-5fe6fd15c0aa,12f1e602-bc11-5861-9424-61766b55fc2d,veigl-ayahuasca-jyhs5-m8ty7,https://images.squarespace-cdn.com/content/v1/65f0d4128c515052cbadce92/78df4925-59c0-4899-91dd-dbf7b3a123f3/Fitz_Hugh_Ludlow.jpg,images/veigl-ayahuasca-jyhs5-m8ty7/02-Fitz_Hugh_Ludlow.jpg,documents/12f1e602-bc11-5861-9424-61766b55fc2d/images/veigl-ayahuasca-jyhs5-m8ty7/02-Fitz_Hugh_Ludlow.jpg,supplementary_file,image/jpeg,True,95292becd0e27bbb692465b969d4206658b2c1da2e685d406474bd17f2f12109,88344,810,574
77ff96ca-2bef-53f0-a7b6-6e93594225d1,8476ce01-41ea-54f8-8c40-2a0ba194f8a4,leary1969,https://images.squarespace-cdn.com/content/v1/65f0d4128c515052cbadce92/b6e8c969-9efb-4f08-8b66-553654113788/1920px-TimothyLeary-LectureTour-SUNYAB-1969.jpg,images/leary1969/01-1920px-TimothyLeary-LectureTour-SUNYAB-1969.jpg,documents/8476ce01-41ea-54f8-8c40-2a0ba194f8a4/images/leary1969/01-1920px-TimothyLeary-LectureTour-SUNYAB-1969.jpg,cover_image,image/jpeg,True,f3ad738c4963677bfd749b81f5ce0299cb1c29e0d3be20ebbb60e4366928f3f9,285046,1662,987
9b12e47d-d2e5-563b-a1a9-443be79482c2,2e05bf1b-3ea1-5d99-bbfb-2b610809ad4c,veigl-ayahuasca,https://images.squarespace-cdn.com/content/v1/65f0d4128c515052cbadce92/1711053940754-M7PAQQFOOJBFJPTI971X/content-2.jpeg,images/veigl-ayahuasca/01-content-2.jpeg,documents/2e05bf1b-3ea1-5d99-bbfb-2b610809ad4c/images/veigl-ayahuasca/01-content-2.jpeg,cover_image,image/jpeg,True,71cf977a8f2981b36e278a4b33564b5ddcced178a508798a5cddd8e85c33e1a8,109389,512,786
86859073-03f2-5c87-a223-775a570105d2,2e05bf1b-3ea1-5d99-bbfb-2b610809ad4c,veigl-ayahuasca,https://images.squarespace-cdn.com/content/v1/65f0d4128c515052cbadce92/1711053940802-TJD17KAW2VY6U7Y3AWRE/content.jpeg,images/veigl-ayahuasca/02-content.jpeg,documents/2e05bf1b-3ea1-5d99-bbfb-2b610809ad4c/images/veigl-ayahuasca/02-content.jpeg,supplementary_file,image/jpeg,True,a6c976ce4edcf3e968e6322c316e2bfcbeae370c96e5ad7f2124764cf8ab4689,119443,500,865
8c1b4085-4438-5462-98de-f4b8274ee7ac,403a35d7-213f-5012-9152-5fdb41d134db,veigl-ayahuasca-jyhs5,https://images.squarespace-cdn.com/content/v1/65f0d4128c515052cbadce92/1711135481911-XDA09BIQQDQVJXJFWDMB/content.png,images/veigl-ayahuasca-jyhs5/01-content.png,documents/403a35d7-213f-5012-9152-5fdb41d134db/images/veigl-ayahuasca-jyhs5/01-content.png,cover_image,image/png,True,b47b945c7c703529d0e99169d53eb350f0c4ae570d6289dc6b8e934921b6245a,145789,467,729
531db17d-8ea5-556d-a1fd-f319632bfe15,403a35d7-213f-5012-9152-5fdb41d134db,veigl-ayahuasca-jyhs5,https://images.squarespace-cdn.com/content/v1/65f0d4128c515052cbadce92/1711135488766-F8OKEQCATNT1A38W21RU/content-2.png,images/veigl-ayahuasca-jyhs5/02-content-2.png,documents/403a35d7-213f-5012-9152-5fdb41d134db/images/veigl-ayahuasca-jyhs5/02-content-2.png,supplementary_file,image/png,True,c9db5df9bb8f3adeee068b20af15cfcdfceab6fc42e97cacf191cd29a1292ec4,127558,452,821
2cbac66e-61a3-55d0-9b4e-a0279e7e127c,403a35d7-213f-5012-9152-5fdb41d134db,veigl-ayahuasca-jyhs5,https://images.squarespace-cdn.com/content/v1/65f0d4128c515052cbadce92/bf0722b6-9fd4-4209-95b7-515a2a09bda5/Houghton_MS_Am_1092_%281185%29_-_William_James_in_Brazil%2C_1865.jpg,images/veigl-ayahuasca-jyhs5/03-Houghton_MS_Am_1092_-1185-_-_William_James_in_Brazil-_1865.jpg,documents/403a35d7-213f-5012-9152-5fdb41d134db/images/veigl-ayahuasca-jyhs5/03-Houghton_MS_Am_1092_-1185-_-_William_James_in_Brazil-_1865.jpg,supplementary_file,image/jpeg,True,fc2074dea583835a735417c640f6360bac09d284f78ef70a1f3f04f6fed82dff,185721,1053,762
a59595b4-5786-522f-968b-6190598c62c7,7da50bb7-30d3-5c0d-9e70-4d7b516e0266,lettherebelight,https://images.squarespace-cdn.com/content/v1/65f0d4128c515052cbadce92/1710968644838-9DRT4NNGVUKZ0ZXQVG07/let+there+be+light+1945.jpg,images/lettherebelight/01-let-there-be-light-1945.jpg,documents/7da50bb7-30d3-5c0d-9e70-4d7b516e0266/images/lettherebelight/01-let-there-be-light-1945.jpg,cover_image,image/jpeg,True,78992eb1e45e2f8b783793264eeb048d42836e846baaba9380e33de35eb274b9,162334,2130,1424
c6851f1a-f781-5c12-a143-f71f24691182,7da50bb7-30d3-5c0d-9e70-4d7b516e0266,lettherebelight,https://images.squarespace-cdn.com/content/v1/65f0d4128c515052cbadce92/1710968645082-QOT5Y3GMEM70DR6E57ET/let+there+be+light+1945+2.jpg,images/lettherebelight/02-let-there-be-light-1945-2.jpg,documents/7da50bb7-30d3-5c0d-9e70-4d7b516e0266/images/lettherebelight/02-let-there-be-light-1945-2.jpg,supplementary_file,image/jpeg,True,b4a57d836d9ffaf857be944a5736b5b415d7d5c98fb4ae96a3f806dc4fdc6207,119855,2012,1410
7070e850-4fed-5af9-bff2-01167425c432,7da50bb7-30d3-5c0d-9e70-4d7b516e0266,lettherebelight,https://images.squarespace-cdn.com/content/v1/65f0d4128c515052cbadce92/1710968645793-3RBP7ICPDV6IZJ112Z3V/let+there+be+light+1945+3.jpg,images/lettherebelight/03-let-there-be-light-1945-3.jpg,documents/7da50bb7-30d3-5c0d-9e70-4d7b516e0266/images/lettherebelight/03-let-there-be-light-1945-3.jpg,supplementary_file,image/jpeg,True,a7d417d0f140724f75bd2a89c42b4ec993bb97b18d23dd9c5387d56ab619a668,224315,2134,1498
919fbc4e-4f87-566a-b2d9-40e0c6bbd472,7da50bb7-30d3-5c0d-9e70-4d7b516e0266,lettherebelight,https://images.squarespace-cdn.com/content/v1/65f0d4128c515052cbadce92/1710968645954-3BJCPGS2Z7HSNVLKOQFW/let+there+be+light+1945+4.jpg,images/lettherebelight/04-let-there-be-light-1945-4.jpg,documents/7da50bb7-30d3-5c0d-9e70-4d7b516e0266/images/lettherebelight/04-let-there-be-light-1945-4.jpg,supplementary_file,image/jpeg,True,10ff476b172ed3f49a3c044bb2b225a1c2ec211335c1f0af785a8d9f457f6b27,193414,2142,1456
3450b8db-6f45-5c44-bfcb-35cc3982d562,0435259b-5ae7-514a-857f-fa8dcf61750e,psychoanalysis1957,https://images.squarespace-cdn.com/content/v1/65f0d4128c515052cbadce92/da6380cc-2086-4995-b10e-5a6999b5979e/title+page+alvarez+de+toledo+1957.jpg,images/psychoanalysis1957/01-title-page-alvarez-de-toledo-1957.jpg,documents/0435259b-5ae7-514a-857f-fa8dcf61750e/images/psychoanalysis1957/01-title-page-alvarez-de-toledo-1957.jpg,cover_image,image/jpeg,True,bb6480ce73485b51ff4c1a418cf83039119ed5ce469b736bdac272526c745cf8,192810,1990,1518
6a42bc4a-ee4f-5b38-9724-fb29c4524550,61c2013e-cbfc-5dba-9b71-b077742623a4,drugfilledchalice,https://images.squarespace-cdn.com/content/v1/65f0d4128c515052cbadce92/aabd7451-f41d-4ec7-b52c-0885d8684240/Maureen+Thompson%2C+%2522In+a+Drug-Filled+Chalice%2C+Total+Love%2522+boundless+1962+newspaper.jpg,images/drugfilledchalice/01-Maureen-Thompson-22In-a-Drug-Filled-Chalice-Total-Love-22-boundless-1962-newspaper.jpg,documents/61c2013e-cbfc-5dba-9b71-b077742623a4/images/drugfilledchalice/01-Maureen-Thompson-22In-a-Drug-Filled-Chalice-Total-Love-22-boundless-1962-newspaper.jpg,cover_image,image/jpeg,True,66105f8b3217e4c0cfc392d690c062958a9e8b47fab8367956d0700cf8a60b89,494132,2048,1045
5b9a5afc-9820-5380-8f6d-aca7424e9ae0,7843f7c0-1785-57ea-ac90-1f1ba8f00b1d,1966-sidney-cohens-ucla-speech-on-psychedelics-59kzr,https://images.squarespace-cdn.com/content/v1/65f0d4128c515052cbadce92/ee6b5810-0d6e-4012-86ab-153467944d17/IMG_7541.jpeg,images/1966-sidney-cohens-ucla-speech-on-psychedelics-59kzr/01-IMG_7541.jpeg,documents/7843f7c0-1785-57ea-ac90-1f1ba8f00b1d/images/1966-sidney-cohens-ucla-speech-on-psychedelics-59kzr/01-IMG_7541.jpeg,cover_image,image/jpeg,True,7d4de0b668f58131dc996a3c932a80e7fce0e8e7b05e0a06bb275d6587586755,244102,960,1280
f11be5bd-e8f1-5e99-a474-4139397b1450,3e425691-e199-5a07-8199-71466a4cda19,blog-post-title-one-t2tym,https://images.squarespace-cdn.com/content/v1/65f0d4128c515052cbadce92/96523ac1-481c-41bb-bf42-32dace95c31b/lilly+dolphin+orlando+sentinel+snippet.jpg,images/blog-post-title-one-t2tym/01-lilly-dolphin-orlando-sentinel-snippet.jpg,documents/3e425691-e199-5a07-8199-71466a4cda19/images/blog-post-title-one-t2tym/01-lilly-dolphin-orlando-sentinel-snippet.jpg,cover_image,image/jpeg,True,f311e1cff6296839a6a3c06b2bb466e6079e749faea5412a14beed9ba6718aab,62179,535,484
004e0a3c-722b-5453-9d2e-4ed264d216d4,cd7298eb-bfb7-5421-ae16-f27d2ee07fc7,mead-lsd-memo,"Library of Congress scan supplied from Margaret Mead Papers and South Pacific Ethnographic Archives, Box K65, Folder 5",pdfs/mead-lsd-memo/mead-lsd-memo-loc-1954.pdf,documents/cd7298eb-bfb7-5421-ae16-f27d2ee07fc7/pdfs/mead-lsd-memo/mead-lsd-memo-loc-1954.pdf,original_pdf,application/pdf,True,c5c49d625d84bcddad9240ed7344be02ec3b445f2320743767f92912b10cf2e0,1904593,,
7ea70040-8754-5317-ac35-3156fa04fd11,0435259b-5ae7-514a-857f-fa8dcf61750e,psychoanalysis1957,"Original PDF supplied by project team, 2026-07-07",pdfs/psychoanalysis1957/1957_de_alvarez_do_toledo_1583_1.pdf,documents/0435259b-5ae7-514a-857f-fa8dcf61750e/pdfs/psychoanalysis1957/1957_de_alvarez_do_toledo_1583_1.pdf,original_pdf,application/pdf,True,70a6580edbd5368d50e65732abaf025b781e961e70cb35ab80357bf4f022d889,4130956,,
214209e4-901a-5845-ba87-3704b05ab93c,cd7298eb-bfb7-5421-ae16-f27d2ee07fc7,mead-lsd-memo,Generated from original PDF page 1,pdf-thumbnails/mead-lsd-memo/page-001.jpg,documents/cd7298eb-bfb7-5421-ae16-f27d2ee07fc7/pdf-thumbnails/mead-lsd-memo/page-001.jpg,pdf_page_thumbnail,image/jpeg,True,ac3f6c87b2b9965cbd54a7c2876bd0fa7605e7ba67105347dfb0a9c8649507ad,33298,315,420
41526618-cb94-579f-9c91-98b07ae4a368,cd7298eb-bfb7-5421-ae16-f27d2ee07fc7,mead-lsd-memo,Generated from original PDF page 2,pdf-thumbnails/mead-lsd-memo/page-002.jpg,documents/cd7298eb-bfb7-5421-ae16-f27d2ee07fc7/pdf-thumbnails/mead-lsd-memo/page-002.jpg,pdf_page_thumbnail,image/jpeg,True,6c7999513ce16c9a87d8f4c6842ba1ac32fb13c7d9446ef9e14e1ce6b2b753c5,20943,315,420
6eedc48b-268d-50d1-aab0-19c17880bed7,cd7298eb-bfb7-5421-ae16-f27d2ee07fc7,mead-lsd-memo,Generated from original PDF page 3,pdf-thumbnails/mead-lsd-memo/page-003.jpg,documents/cd7298eb-bfb7-5421-ae16-f27d2ee07fc7/pdf-thumbnails/mead-lsd-memo/page-003.jpg,pdf_page_thumbnail,image/jpeg,True,d870dd689c58f1cf649380f4324e09118c0f0f7d1e4ea6191d87f485eb4bc0c6,27989,315,420
f08e9154-01a1-569e-bf2b-c57ddcb67eac,cd7298eb-bfb7-5421-ae16-f27d2ee07fc7,mead-lsd-memo,Generated from original PDF page 4,pdf-thumbnails/mead-lsd-memo/page-004.jpg,documents/cd7298eb-bfb7-5421-ae16-f27d2ee07fc7/pdf-thumbnails/mead-lsd-memo/page-004.jpg,pdf_page_thumbnail,image/jpeg,True,0e0a3fa88ed1db4f7fa0a5b181cdddacb487b5cb8b63851a4cbae3d68e03d0d0,23913,315,420
